alarm_id,line_id,equipment_id,alarm_started_at,alarm_ended_at,duration_minutes,severity,alarm_code,alarm_name,alarm_category,error_value,normal_min,normal_max,requires_manual_intervention,recovery_action,resolution_status,resolution_note
ALM-000001,PL-SMT-01,EQ-SMT-L01-RTR01,2026-07-14T00:05:00+08:00,2026-07-14T00:33:00+08:00,28,WARNING,BLADE_WEAR,铣刀磨损超限,TOOLING,110,0,100,true,更换铣刀后复位设备,RESOLVED,更换铣刀后复位设备
ALM-000002,PL-SMT-08,EQ-SMT-L08-AOI01,2026-07-14T00:07:00+08:00,2026-07-14T00:32:00+08:00,25,WARNING,CAMERA_CALIBRATION,相机标定异常,CALIBRATION,11,0,5,true,执行相机标定后复位设备,RESOLVED,执行相机标定后复位设备
ALM-000003,PL-SMT-07,EQ-SMT-L07-MNT01,2026-07-14T00:08:00+08:00,2026-07-14T00:22:00+08:00,14,ERROR,FEEDER_JAM,供料器卡料,MECHANICAL,3,0,0,true,清理供料器并复位设备,RESOLVED,清理供料器并复位设备
ALM-000004,PL-SMT-09,EQ-SMT-L09-RTR01,2026-07-14T00:09:00+08:00,2026-07-14T00:31:00+08:00,22,WARNING,BLADE_WEAR,铣刀磨损超限,TOOLING,116,0,100,true,更换铣刀后复位设备,RESOLVED,更换铣刀后复位设备
ALM-000005,PL-SMT-14,EQ-SMT-L14-SPI01,2026-07-14T00:11:00+08:00,2026-07-14T00:30:00+08:00,19,WARNING,INSPECTION_DRIFT,检测基准漂移,CALIBRATION,21,0,15,true,重新校准检测基准,RESOLVED,重新校准检测基准
ALM-000006,PL-SMT-02,EQ-SMT-L02-SPI01,2026-07-14T00:12:00+08:00,2026-07-14T00:32:00+08:00,20,WARNING,INSPECTION_DRIFT,检测基准漂移,CALIBRATION,16,0,15,true,重新校准检测基准,RESOLVED,重新校准检测基准
ALM-000007,PL-SMT-08,EQ-SMT-L08-RFL01,2026-07-14T00:14:00+08:00,2026-07-14T00:33:00+08:00,19,WARNING,TEMPERATURE_DEVIATION,温区温度偏差,PROCESS,14,-5,5,true,检查温控回路并确认温区,RESOLVED,检查温控回路并确认温区
ALM-000008,PL-SMT-03,EQ-SMT-L03-SPI01,2026-07-14T08:05:00+08:00,2026-07-14T08:17:00+08:00,12,WARNING,INSPECTION_DRIFT,检测基准漂移,CALIBRATION,17,0,15,true,重新校准检测基准,RESOLVED,重新校准检测基准
ALM-000009,PL-SMT-08,EQ-SMT-L08-RTR01,2026-07-14T08:06:00+08:00,2026-07-14T08:27:00+08:00,21,WARNING,BLADE_WEAR,铣刀磨损超限,TOOLING,103,0,100,true,更换铣刀后复位设备,RESOLVED,更换铣刀后复位设备
ALM-000010,PL-SMT-01,EQ-SMT-L01-PRN01,2026-07-14T08:09:00+08:00,2026-07-14T08:28:00+08:00,19,WARNING,SOLDER_PASTE_LOW,锡膏余量低,CONSUMABLE,7,10,100,true,补充锡膏后复位设备,RESOLVED,补充锡膏后复位设备
ALM-000011,PL-SMT-09,EQ-SMT-L09-AOI01,2026-07-14T08:14:00+08:00,2026-07-14T08:36:00+08:00,22,WARNING,CAMERA_CALIBRATION,相机标定异常,CALIBRATION,10,0,5,true,执行相机标定后复位设备,RESOLVED,执行相机标定后复位设备
ALM-000012,PL-SMT-09,EQ-SMT-L09-PRN01,2026-07-14T16:06:00+08:00,2026-07-14T16:31:00+08:00,25,WARNING,SOLDER_PASTE_LOW,锡膏余量低,CONSUMABLE,4,10,100,true,补充锡膏后复位设备,RESOLVED,补充锡膏后复位设备
ALM-000013,PL-SMT-12,EQ-SMT-L12-RFL01,2026-07-14T16:06:00+08:00,2026-07-14T16:20:00+08:00,14,WARNING,TEMPERATURE_DEVIATION,温区温度偏差,PROCESS,14,-5,5,true,检查温控回路并确认温区,RESOLVED,检查温控回路并确认温区
ALM-000014,PL-SMT-04,EQ-SMT-L04-PRN01,2026-07-14T16:07:00+08:00,2026-07-14T16:32:00+08:00,25,WARNING,SOLDER_PASTE_LOW,锡膏余量低,CONSUMABLE,7,10,100,true,补充锡膏后复位设备,RESOLVED,补充锡膏后复位设备
ALM-000015,PL-SMT-02,EQ-SMT-L02-MNT01,2026-07-14T16:08:00+08:00,2026-07-14T16:34:00+08:00,26,ERROR,FEEDER_JAM,供料器卡料,MECHANICAL,2,0,0,true,清理供料器并复位设备,RESOLVED,清理供料器并复位设备
ALM-000016,PL-SMT-01,EQ-SMT-L01-AOI01,2026-07-14T16:09:00+08:00,2026-07-14T16:37:00+08:00,28,WARNING,CAMERA_CALIBRATION,相机标定异常,CALIBRATION,8,0,5,true,执行相机标定后复位设备,RESOLVED,执行相机标定后复位设备
ALM-000017,PL-SMT-05,EQ-SMT-L05-RFL01,2026-07-14T16:10:00+08:00,2026-07-14T16:26:00+08:00,16,WARNING,TEMPERATURE_DEVIATION,温区温度偏差,PROCESS,14,-5,5,true,检查温控回路并确认温区,RESOLVED,检查温控回路并确认温区
ALM-000018,PL-SMT-13,EQ-SMT-L13-PRN01,2026-07-14T16:11:00+08:00,2026-07-14T16:35:00+08:00,24,WARNING,SOLDER_PASTE_LOW,锡膏余量低,CONSUMABLE,5,10,100,true,补充锡膏后复位设备,RESOLVED,补充锡膏后复位设备
ALM-000019,PL-SMT-15,EQ-SMT-L15-SPI01,2026-07-14T16:11:00+08:00,2026-07-14T16:39:00+08:00,28,WARNING,INSPECTION_DRIFT,检测基准漂移,CALIBRATION,23,0,15,true,重新校准检测基准,RESOLVED,重新校准检测基准
ALM-000020,PL-SMT-10,EQ-SMT-L10-MNT01,2026-07-14T16:13:00+08:00,2026-07-14T16:27:00+08:00,14,ERROR,FEEDER_JAM,供料器卡料,MECHANICAL,2,0,0,true,清理供料器并复位设备,RESOLVED,清理供料器并复位设备
ALM-000021,PL-SMT-15,EQ-SMT-L15-MNT01,2026-07-14T16:14:00+08:00,2026-07-14T16:35:00+08:00,21,ERROR,FEEDER_JAM,供料器卡料,MECHANICAL,1,0,0,true,清理供料器并复位设备,RESOLVED,清理供料器并复位设备
ALM-000022,PL-SMT-01,EQ-SMT-L01-MNT01,2026-07-15T01:06:00+08:00,2026-07-15T01:50:00+08:00,44,ERROR,PCB_BARCODE_OUT_OF_RANGE,PCB板条形码读数非法,DATA_VALIDATION,27048,1,9999,true,人工确认异常PCB板并解除设备停机,RESOLVED,操作员移除异常PCB板并手工复位贴片机
ALM-000023,PL-SMT-04,EQ-SMT-L04-SPI01,2026-07-15T03:08:00+08:00,2026-07-15T03:34:00+08:00,26,WARNING,INSPECTION_DRIFT,检测基准漂移,CALIBRATION,22,0,15,true,重新校准检测基准,RESOLVED,重新校准检测基准
ALM-000024,PL-SMT-06,EQ-SMT-L06-RFL01,2026-07-15T03:08:00+08:00,2026-07-15T03:32:00+08:00,24,WARNING,TEMPERATURE_DEVIATION,温区温度偏差,PROCESS,14,-5,5,true,检查温控回路并确认温区,RESOLVED,检查温控回路并确认温区
ALM-000025,PL-SMT-02,EQ-SMT-L02-PRN01,2026-07-15T03:10:00+08:00,2026-07-15T03:36:00+08:00,26,WARNING,SOLDER_PASTE_LOW,锡膏余量低,CONSUMABLE,6,10,100,true,补充锡膏后复位设备,RESOLVED,补充锡膏后复位设备
ALM-000026,PL-SMT-11,EQ-SMT-L11-RTR01,2026-07-15T03:10:00+08:00,2026-07-15T03:28:00+08:00,18,WARNING,BLADE_WEAR,铣刀磨损超限,TOOLING,111,0,100,true,更换铣刀后复位设备,RESOLVED,更换铣刀后复位设备
ALM-000027,PL-SMT-01,EQ-SMT-L01-MNT01,2026-07-15T04:05:00+08:00,2026-07-15T04:55:00+08:00,50,ERROR,PCB_BARCODE_OUT_OF_RANGE,PCB板条形码读数非法,DATA_VALIDATION,50504,1,9999,true,人工确认异常PCB板并解除设备停机,RESOLVED,操作员移除异常PCB板并手工复位贴片机
ALM-000028,PL-SMT-01,EQ-SMT-L01-MNT01,2026-07-15T07:10:00+08:00,2026-07-15T07:52:00+08:00,42,ERROR,PCB_BARCODE_OUT_OF_RANGE,PCB板条形码读数非法,DATA_VALIDATION,49936,1,9999,true,人工确认异常PCB板并解除设备停机,RESOLVED,操作员移除异常PCB板并手工复位贴片机
ALM-000029,PL-SMT-01,EQ-SMT-L01-MNT01,2026-07-15T10:08:00+08:00,2026-07-15T10:50:00+08:00,42,ERROR,PCB_BARCODE_OUT_OF_RANGE,PCB板条形码读数非法,DATA_VALIDATION,49555,1,9999,true,人工确认异常PCB板并解除设备停机,RESOLVED,操作员移除异常PCB板并手工复位贴片机
ALM-000030,PL-SMT-15,EQ-SMT-L15-PRN01,2026-07-15T11:07:00+08:00,2026-07-15T11:22:00+08:00,15,WARNING,SOLDER_PASTE_LOW,锡膏余量低,CONSUMABLE,9,10,100,true,补充锡膏后复位设备,RESOLVED,补充锡膏后复位设备
ALM-000031,PL-SMT-03,EQ-SMT-L03-AOI01,2026-07-15T11:13:00+08:00,2026-07-15T11:28:00+08:00,15,WARNING,CAMERA_CALIBRATION,相机标定异常,CALIBRATION,6,0,5,true,执行相机标定后复位设备,RESOLVED,执行相机标定后复位设备
ALM-000032,PL-SMT-14,EQ-SMT-L14-AOI01,2026-07-15T11:13:00+08:00,2026-07-15T11:38:00+08:00,25,WARNING,CAMERA_CALIBRATION,相机标定异常,CALIBRATION,9,0,5,true,执行相机标定后复位设备,RESOLVED,执行相机标定后复位设备
ALM-000033,PL-SMT-01,EQ-SMT-L01-MNT01,2026-07-15T13:05:00+08:00,2026-07-15T13:47:00+08:00,42,ERROR,PCB_BARCODE_OUT_OF_RANGE,PCB板条形码读数非法,DATA_VALIDATION,49967,1,9999,true,人工确认异常PCB板并解除设备停机,RESOLVED,操作员移除异常PCB板并手工复位贴片机
ALM-000034,PL-SMT-01,EQ-SMT-L01-MNT01,2026-07-15T16:06:00+08:00,2026-07-15T16:51:00+08:00,45,ERROR,PCB_BARCODE_OUT_OF_RANGE,PCB板条形码读数非法,DATA_VALIDATION,49342,1,9999,true,人工确认异常PCB板并解除设备停机,RESOLVED,操作员移除异常PCB板并手工复位贴片机
ALM-000035,PL-SMT-01,EQ-SMT-L01-MNT01,2026-07-15T19:05:00+08:00,2026-07-15T19:50:00+08:00,45,ERROR,PCB_BARCODE_OUT_OF_RANGE,PCB板条形码读数非法,DATA_VALIDATION,17572,1,9999,true,人工确认异常PCB板并解除设备停机,RESOLVED,操作员移除异常PCB板并手工复位贴片机
ALM-000036,PL-SMT-09,EQ-SMT-L09-MNT01,2026-07-15T19:07:00+08:00,2026-07-15T19:34:00+08:00,27,ERROR,FEEDER_JAM,供料器卡料,MECHANICAL,3,0,0,true,清理供料器并复位设备,RESOLVED,清理供料器并复位设备
ALM-000037,PL-SMT-06,EQ-SMT-L06-RTR01,2026-07-15T19:09:00+08:00,2026-07-15T19:28:00+08:00,19,WARNING,BLADE_WEAR,铣刀磨损超限,TOOLING,102,0,100,true,更换铣刀后复位设备,RESOLVED,更换铣刀后复位设备
ALM-000038,PL-SMT-11,EQ-SMT-L11-RFL01,2026-07-15T19:11:00+08:00,2026-07-15T19:32:00+08:00,21,WARNING,TEMPERATURE_DEVIATION,温区温度偏差,PROCESS,15,-5,5,true,检查温控回路并确认温区,RESOLVED,检查温控回路并确认温区
ALM-000039,PL-SMT-13,EQ-SMT-L13-SPI01,2026-07-15T19:13:00+08:00,2026-07-15T19:33:00+08:00,20,WARNING,INSPECTION_DRIFT,检测基准漂移,CALIBRATION,25,0,15,true,重新校准检测基准,RESOLVED,重新校准检测基准
ALM-000040,PL-SMT-01,EQ-SMT-L01-MNT01,2026-07-15T22:11:00+08:00,2026-07-15T22:59:00+08:00,48,ERROR,PCB_BARCODE_OUT_OF_RANGE,PCB板条形码读数非法,DATA_VALIDATION,57697,1,9999,true,人工确认异常PCB板并解除设备停机,RESOLVED,操作员移除异常PCB板并手工复位贴片机
ALM-000041,PL-SMT-01,EQ-SMT-L01-MNT01,2026-07-16T01:07:00+08:00,2026-07-16T01:57:00+08:00,50,ERROR,PCB_BARCODE_OUT_OF_RANGE,PCB板条形码读数非法,DATA_VALIDATION,10853,1,9999,true,人工确认异常PCB板并解除设备停机,RESOLVED,操作员移除异常PCB板并手工复位贴片机
ALM-000042,PL-SMT-01,EQ-SMT-L01-MNT01,2026-07-16T04:08:00+08:00,2026-07-16T04:52:00+08:00,44,ERROR,PCB_BARCODE_OUT_OF_RANGE,PCB板条形码读数非法,DATA_VALIDATION,11966,1,9999,true,人工确认异常PCB板并解除设备停机,RESOLVED,操作员移除异常PCB板并手工复位贴片机
ALM-000043,PL-SMT-03,EQ-SMT-L03-RTR01,2026-07-16T06:05:00+08:00,2026-07-16T06:30:00+08:00,25,WARNING,BLADE_WEAR,铣刀磨损超限,TOOLING,116,0,100,true,更换铣刀后复位设备,RESOLVED,更换铣刀后复位设备
ALM-000044,PL-SMT-10,EQ-SMT-L10-AOI01,2026-07-16T06:06:00+08:00,2026-07-16T06:26:00+08:00,20,WARNING,CAMERA_CALIBRATION,相机标定异常,CALIBRATION,6,0,5,true,执行相机标定后复位设备,RESOLVED,执行相机标定后复位设备
ALM-000045,PL-SMT-01,EQ-SMT-L01-SPI01,2026-07-16T06:07:00+08:00,2026-07-16T06:33:00+08:00,26,WARNING,INSPECTION_DRIFT,检测基准漂移,CALIBRATION,23,0,15,true,重新校准检测基准,RESOLVED,重新校准检测基准
ALM-000046,PL-SMT-08,EQ-SMT-L08-MNT01,2026-07-16T06:11:00+08:00,2026-07-16T06:39:00+08:00,28,ERROR,FEEDER_JAM,供料器卡料,MECHANICAL,1,0,0,true,清理供料器并复位设备,RESOLVED,清理供料器并复位设备
ALM-000047,PL-SMT-10,EQ-SMT-L10-RFL01,2026-07-16T06:13:00+08:00,2026-07-16T06:29:00+08:00,16,WARNING,TEMPERATURE_DEVIATION,温区温度偏差,PROCESS,13,-5,5,true,检查温控回路并确认温区,RESOLVED,检查温控回路并确认温区
ALM-000048,PL-SMT-01,EQ-SMT-L01-MNT01,2026-07-16T07:07:00+08:00,2026-07-16T07:54:00+08:00,47,ERROR,PCB_BARCODE_OUT_OF_RANGE,PCB板条形码读数非法,DATA_VALIDATION,34630,1,9999,true,人工确认异常PCB板并解除设备停机,RESOLVED,操作员移除异常PCB板并手工复位贴片机
ALM-000049,PL-SMT-01,EQ-SMT-L01-MNT01,2026-07-16T10:07:00+08:00,2026-07-16T10:53:00+08:00,46,ERROR,PCB_BARCODE_OUT_OF_RANGE,PCB板条形码读数非法,DATA_VALIDATION,44985,1,9999,true,人工确认异常PCB板并解除设备停机,RESOLVED,操作员移除异常PCB板并手工复位贴片机
ALM-000050,PL-SMT-01,EQ-SMT-L01-MNT01,2026-07-16T13:14:00+08:00,2026-07-16T13:56:00+08:00,42,ERROR,PCB_BARCODE_OUT_OF_RANGE,PCB板条形码读数非法,DATA_VALIDATION,50541,1,9999,true,人工确认异常PCB板并解除设备停机,RESOLVED,操作员移除异常PCB板并手工复位贴片机
ALM-000051,PL-SMT-11,EQ-SMT-L11-AOI01,2026-07-16T14:06:00+08:00,2026-07-16T14:20:00+08:00,14,WARNING,CAMERA_CALIBRATION,相机标定异常,CALIBRATION,8,0,5,true,执行相机标定后复位设备,RESOLVED,执行相机标定后复位设备
ALM-000052,PL-SMT-11,EQ-SMT-L11-PRN01,2026-07-16T14:09:00+08:00,2026-07-16T14:30:00+08:00,21,WARNING,SOLDER_PASTE_LOW,锡膏余量低,CONSUMABLE,5,10,100,true,补充锡膏后复位设备,RESOLVED,补充锡膏后复位设备
ALM-000053,PL-SMT-15,EQ-SMT-L15-RFL01,2026-07-16T14:09:00+08:00,2026-07-16T14:27:00+08:00,18,WARNING,TEMPERATURE_DEVIATION,温区温度偏差,PROCESS,11,-5,5,true,检查温控回路并确认温区,RESOLVED,检查温控回路并确认温区
ALM-000054,PL-SMT-12,EQ-SMT-L12-MNT01,2026-07-16T14:13:00+08:00,2026-07-16T14:34:00+08:00,21,ERROR,FEEDER_JAM,供料器卡料,MECHANICAL,1,0,0,true,清理供料器并复位设备,RESOLVED,清理供料器并复位设备
ALM-000055,PL-SMT-06,EQ-SMT-L06-AOI01,2026-07-16T14:14:00+08:00,2026-07-16T14:30:00+08:00,16,WARNING,CAMERA_CALIBRATION,相机标定异常,CALIBRATION,10,0,5,true,执行相机标定后复位设备,RESOLVED,执行相机标定后复位设备
ALM-000056,PL-SMT-01,EQ-SMT-L01-MNT01,2026-07-16T16:05:00+08:00,2026-07-16T16:52:00+08:00,47,ERROR,PCB_BARCODE_OUT_OF_RANGE,PCB板条形码读数非法,DATA_VALIDATION,58215,1,9999,true,人工确认异常PCB板并解除设备停机,RESOLVED,操作员移除异常PCB板并手工复位贴片机
ALM-000057,PL-SMT-01,EQ-SMT-L01-MNT01,2026-07-16T19:08:00+08:00,2026-07-16T19:50:00+08:00,42,ERROR,PCB_BARCODE_OUT_OF_RANGE,PCB板条形码读数非法,DATA_VALIDATION,33620,1,9999,true,人工确认异常PCB板并解除设备停机,RESOLVED,操作员移除异常PCB板并手工复位贴片机
ALM-000058,PL-SMT-07,EQ-SMT-L07-RFL01,2026-07-16T22:05:00+08:00,2026-07-16T22:20:00+08:00,15,WARNING,TEMPERATURE_DEVIATION,温区温度偏差,PROCESS,15,-5,5,true,检查温控回路并确认温区,RESOLVED,检查温控回路并确认温区
ALM-000059,PL-SMT-01,EQ-SMT-L01-MNT01,2026-07-16T22:08:00+08:00,2026-07-16T22:52:00+08:00,44,ERROR,PCB_BARCODE_OUT_OF_RANGE,PCB板条形码读数非法,DATA_VALIDATION,60201,1,9999,true,人工确认异常PCB板并解除设备停机,RESOLVED,操作员移除异常PCB板并手工复位贴片机
ALM-000060,PL-SMT-02,EQ-SMT-L02-RTR01,2026-07-16T22:08:00+08:00,2026-07-16T22:29:00+08:00,21,WARNING,BLADE_WEAR,铣刀磨损超限,TOOLING,117,0,100,true,更换铣刀后复位设备,RESOLVED,更换铣刀后复位设备
ALM-000061,PL-SMT-06,EQ-SMT-L06-PRN01,2026-07-16T22:08:00+08:00,2026-07-16T22:24:00+08:00,16,WARNING,SOLDER_PASTE_LOW,锡膏余量低,CONSUMABLE,8,10,100,true,补充锡膏后复位设备,RESOLVED,补充锡膏后复位设备
ALM-000062,PL-SMT-07,EQ-SMT-L07-AOI01,2026-07-16T22:08:00+08:00,2026-07-16T22:26:00+08:00,18,WARNING,CAMERA_CALIBRATION,相机标定异常,CALIBRATION,11,0,5,true,执行相机标定后复位设备,RESOLVED,执行相机标定后复位设备
ALM-000063,PL-SMT-09,EQ-SMT-L09-SPI01,2026-07-16T22:09:00+08:00,2026-07-16T22:33:00+08:00,24,WARNING,INSPECTION_DRIFT,检测基准漂移,CALIBRATION,23,0,15,true,重新校准检测基准,RESOLVED,重新校准检测基准
ALM-000064,PL-SMT-05,EQ-SMT-L05-MNT01,2026-07-16T22:10:00+08:00,2026-07-16T22:28:00+08:00,18,ERROR,FEEDER_JAM,供料器卡料,MECHANICAL,3,0,0,true,清理供料器并复位设备,RESOLVED,清理供料器并复位设备
ALM-000065,PL-SMT-08,EQ-SMT-L08-SPI01,2026-07-16T22:10:00+08:00,2026-07-16T22:37:00+08:00,27,WARNING,INSPECTION_DRIFT,检测基准漂移,CALIBRATION,16,0,15,true,重新校准检测基准,RESOLVED,重新校准检测基准
ALM-000066,PL-SMT-15,EQ-SMT-L15-RTR01,2026-07-16T22:10:00+08:00,2026-07-16T22:32:00+08:00,22,WARNING,BLADE_WEAR,铣刀磨损超限,TOOLING,105,0,100,true,更换铣刀后复位设备,RESOLVED,更换铣刀后复位设备
ALM-000067,PL-SMT-03,EQ-SMT-L03-PRN01,2026-07-16T22:11:00+08:00,2026-07-16T22:33:00+08:00,22,WARNING,SOLDER_PASTE_LOW,锡膏余量低,CONSUMABLE,7,10,100,true,补充锡膏后复位设备,RESOLVED,补充锡膏后复位设备
ALM-000068,PL-SMT-14,EQ-SMT-L14-PRN01,2026-07-16T22:11:00+08:00,2026-07-16T22:34:00+08:00,23,WARNING,SOLDER_PASTE_LOW,锡膏余量低,CONSUMABLE,5,10,100,true,补充锡膏后复位设备,RESOLVED,补充锡膏后复位设备
ALM-000069,PL-SMT-14,EQ-SMT-L14-RTR01,2026-07-16T22:11:00+08:00,2026-07-16T22:36:00+08:00,25,WARNING,BLADE_WEAR,铣刀磨损超限,TOOLING,108,0,100,true,更换铣刀后复位设备,RESOLVED,更换铣刀后复位设备
ALM-000070,PL-SMT-02,EQ-SMT-L02-RFL01,2026-07-16T22:12:00+08:00,2026-07-16T22:30:00+08:00,18,WARNING,TEMPERATURE_DEVIATION,温区温度偏差,PROCESS,12,-5,5,true,检查温控回路并确认温区,RESOLVED,检查温控回路并确认温区
ALM-000071,PL-SMT-10,EQ-SMT-L10-MNT01,2026-07-17T01:06:00+08:00,2026-07-17T01:18:00+08:00,12,ERROR,FEEDER_JAM,供料器卡料,MECHANICAL,2,0,0,true,清理供料器并复位设备,RESOLVED,清理供料器并复位设备
ALM-000072,PL-SMT-13,EQ-SMT-L13-PRN01,2026-07-17T01:06:00+08:00,2026-07-17T01:33:00+08:00,27,WARNING,SOLDER_PASTE_LOW,锡膏余量低,CONSUMABLE,6,10,100,true,补充锡膏后复位设备,RESOLVED,补充锡膏后复位设备
ALM-000073,PL-SMT-15,EQ-SMT-L15-SPI01,2026-07-17T01:06:00+08:00,2026-07-17T01:19:00+08:00,13,WARNING,INSPECTION_DRIFT,检测基准漂移,CALIBRATION,22,0,15,true,重新校准检测基准,RESOLVED,重新校准检测基准
ALM-000074,PL-SMT-04,EQ-SMT-L04-PRN01,2026-07-17T01:08:00+08:00,2026-07-17T01:29:00+08:00,21,WARNING,SOLDER_PASTE_LOW,锡膏余量低,CONSUMABLE,6,10,100,true,补充锡膏后复位设备,RESOLVED,补充锡膏后复位设备
ALM-000075,PL-SMT-01,EQ-SMT-L01-AOI01,2026-07-17T01:10:00+08:00,2026-07-17T01:30:00+08:00,20,WARNING,CAMERA_CALIBRATION,相机标定异常,CALIBRATION,6,0,5,true,执行相机标定后复位设备,RESOLVED,执行相机标定后复位设备
ALM-000076,PL-SMT-01,EQ-SMT-L01-MNT01,2026-07-17T01:12:00+08:00,2026-07-17T01:58:00+08:00,46,ERROR,PCB_BARCODE_OUT_OF_RANGE,PCB板条形码读数非法,DATA_VALIDATION,14618,1,9999,true,人工确认异常PCB板并解除设备停机,RESOLVED,操作员移除异常PCB板并手工复位贴片机
ALM-000077,PL-SMT-01,EQ-SMT-L01-PRN01,2026-07-17T01:13:00+08:00,2026-07-17T01:37:00+08:00,24,WARNING,SOLDER_PASTE_LOW,锡膏余量低,CONSUMABLE,5,10,100,true,补充锡膏后复位设备,RESOLVED,补充锡膏后复位设备
ALM-000078,PL-SMT-01,EQ-SMT-L01-MNT01,2026-07-17T04:07:00+08:00,2026-07-17T04:56:00+08:00,49,ERROR,PCB_BARCODE_OUT_OF_RANGE,PCB板条形码读数非法,DATA_VALIDATION,36064,1,9999,true,人工确认异常PCB板并解除设备停机,RESOLVED,操作员移除异常PCB板并手工复位贴片机
ALM-000079,PL-SMT-01,EQ-SMT-L01-MNT01,2026-07-17T07:08:00+08:00,2026-07-17T07:53:00+08:00,45,ERROR,PCB_BARCODE_OUT_OF_RANGE,PCB板条形码读数非法,DATA_VALIDATION,47413,1,9999,true,人工确认异常PCB板并解除设备停机,RESOLVED,操作员移除异常PCB板并手工复位贴片机
ALM-000080,PL-SMT-07,EQ-SMT-L07-MNT01,2026-07-17T09:06:00+08:00,2026-07-17T09:32:00+08:00,26,ERROR,FEEDER_JAM,供料器卡料,MECHANICAL,1,0,0,true,清理供料器并复位设备,RESOLVED,清理供料器并复位设备
ALM-000081,PL-SMT-02,EQ-SMT-L02-SPI01,2026-07-17T09:08:00+08:00,2026-07-17T09:23:00+08:00,15,WARNING,INSPECTION_DRIFT,检测基准漂移,CALIBRATION,24,0,15,true,重新校准检测基准,RESOLVED,重新校准检测基准
ALM-000082,PL-SMT-08,EQ-SMT-L08-RFL01,2026-07-17T09:08:00+08:00,2026-07-17T09:30:00+08:00,22,WARNING,TEMPERATURE_DEVIATION,温区温度偏差,PROCESS,8,-5,5,true,检查温控回路并确认温区,RESOLVED,检查温控回路并确认温区
ALM-000083,PL-SMT-01,EQ-SMT-L01-MNT01,2026-07-17T10:14:00+08:00,2026-07-17T10:59:00+08:00,45,ERROR,PCB_BARCODE_OUT_OF_RANGE,PCB板条形码读数非法,DATA_VALIDATION,44258,1,9999,true,人工确认异常PCB板并解除设备停机,RESOLVED,操作员移除异常PCB板并手工复位贴片机
ALM-000084,PL-SMT-01,EQ-SMT-L01-MNT01,2026-07-17T13:09:00+08:00,2026-07-17T13:57:00+08:00,48,ERROR,PCB_BARCODE_OUT_OF_RANGE,PCB板条形码读数非法,DATA_VALIDATION,62405,1,9999,true,人工确认异常PCB板并解除设备停机,RESOLVED,操作员移除异常PCB板并手工复位贴片机
ALM-000085,PL-SMT-01,EQ-SMT-L01-MNT01,2026-07-17T16:06:00+08:00,2026-07-17T16:48:00+08:00,42,ERROR,PCB_BARCODE_OUT_OF_RANGE,PCB板条形码读数非法,DATA_VALIDATION,19639,1,9999,true,人工确认异常PCB板并解除设备停机,RESOLVED,操作员移除异常PCB板并手工复位贴片机
ALM-000086,PL-SMT-08,EQ-SMT-L08-RTR01,2026-07-17T17:11:00+08:00,2026-07-17T17:28:00+08:00,17,WARNING,BLADE_WEAR,铣刀磨损超限,TOOLING,104,0,100,true,更换铣刀后复位设备,RESOLVED,更换铣刀后复位设备
ALM-000087,PL-SMT-09,EQ-SMT-L09-AOI01,2026-07-17T17:13:00+08:00,2026-07-17T17:36:00+08:00,23,WARNING,CAMERA_CALIBRATION,相机标定异常,CALIBRATION,12,0,5,true,执行相机标定后复位设备,RESOLVED,执行相机标定后复位设备
ALM-000088,PL-SMT-01,EQ-SMT-L01-MNT01,2026-07-17T19:13:00+08:00,2026-07-17T19:59:00+08:00,46,ERROR,PCB_BARCODE_OUT_OF_RANGE,PCB板条形码读数非法,DATA_VALIDATION,20819,1,9999,true,人工确认异常PCB板并解除设备停机,RESOLVED,操作员移除异常PCB板并手工复位贴片机
ALM-000089,PL-SMT-01,EQ-SMT-L01-MNT01,2026-07-17T22:13:00+08:00,2026-07-17T22:56:00+08:00,43,ERROR,PCB_BARCODE_OUT_OF_RANGE,PCB板条形码读数非法,DATA_VALIDATION,63601,1,9999,true,人工确认异常PCB板并解除设备停机,RESOLVED,操作员移除异常PCB板并手工复位贴片机
ALM-000090,PL-SMT-01,EQ-SMT-L01-MNT01,2026-07-18T01:07:00+08:00,2026-07-18T01:53:00+08:00,46,ERROR,PCB_BARCODE_OUT_OF_RANGE,PCB板条形码读数非法,DATA_VALIDATION,10893,1,9999,true,人工确认异常PCB板并解除设备停机,RESOLVED,操作员移除异常PCB板并手工复位贴片机
ALM-000091,PL-SMT-04,EQ-SMT-L04-RTR01,2026-07-18T04:08:00+08:00,2026-07-18T04:24:00+08:00,16,WARNING,BLADE_WEAR,铣刀磨损超限,TOOLING,105,0,100,true,更换铣刀后复位设备,RESOLVED,更换铣刀后复位设备
ALM-000092,PL-SMT-10,EQ-SMT-L10-SPI01,2026-07-18T04:09:00+08:00,2026-07-18T04:27:00+08:00,18,WARNING,INSPECTION_DRIFT,检测基准漂移,CALIBRATION,21,0,15,true,重新校准检测基准,RESOLVED,重新校准检测基准
ALM-000093,PL-SMT-11,EQ-SMT-L11-MNT01,2026-07-18T04:09:00+08:00,2026-07-18T04:35:00+08:00,26,ERROR,FEEDER_JAM,供料器卡料,MECHANICAL,1,0,0,true,清理供料器并复位设备,RESOLVED,清理供料器并复位设备
ALM-000094,PL-SMT-06,EQ-SMT-L06-SPI01,2026-07-18T04:10:00+08:00,2026-07-18T04:22:00+08:00,12,WARNING,INSPECTION_DRIFT,检测基准漂移,CALIBRATION,24,0,15,true,重新校准检测基准,RESOLVED,重新校准检测基准
ALM-000095,PL-SMT-09,EQ-SMT-L09-RFL01,2026-07-18T04:11:00+08:00,2026-07-18T04:32:00+08:00,21,WARNING,TEMPERATURE_DEVIATION,温区温度偏差,PROCESS,15,-5,5,true,检查温控回路并确认温区,RESOLVED,检查温控回路并确认温区
ALM-000096,PL-SMT-03,EQ-SMT-L03-MNT01,2026-07-18T04:12:00+08:00,2026-07-18T04:28:00+08:00,16,ERROR,FEEDER_JAM,供料器卡料,MECHANICAL,1,0,0,true,清理供料器并复位设备,RESOLVED,清理供料器并复位设备
ALM-000097,PL-SMT-05,EQ-SMT-L05-PRN01,2026-07-18T04:13:00+08:00,2026-07-18T04:37:00+08:00,24,WARNING,SOLDER_PASTE_LOW,锡膏余量低,CONSUMABLE,5,10,100,true,补充锡膏后复位设备,RESOLVED,补充锡膏后复位设备
ALM-000098,PL-SMT-01,EQ-SMT-L01-MNT01,2026-07-18T04:14:00+08:00,2026-07-18T04:59:00+08:00,45,ERROR,PCB_BARCODE_OUT_OF_RANGE,PCB板条形码读数非法,DATA_VALIDATION,25494,1,9999,true,人工确认异常PCB板并解除设备停机,RESOLVED,操作员移除异常PCB板并手工复位贴片机
ALM-000099,PL-SMT-01,EQ-SMT-L01-MNT01,2026-07-18T07:13:00+08:00,2026-07-18T07:59:00+08:00,46,ERROR,PCB_BARCODE_OUT_OF_RANGE,PCB板条形码读数非法,DATA_VALIDATION,42117,1,9999,true,人工确认异常PCB板并解除设备停机,RESOLVED,操作员移除异常PCB板并手工复位贴片机
ALM-000100,PL-SMT-01,EQ-SMT-L01-MNT01,2026-07-18T10:13:00+08:00,2026-07-18T10:57:00+08:00,44,ERROR,PCB_BARCODE_OUT_OF_RANGE,PCB板条形码读数非法,DATA_VALIDATION,57573,1,9999,true,人工确认异常PCB板并解除设备停机,RESOLVED,操作员移除异常PCB板并手工复位贴片机
ALM-000101,PL-SMT-14,EQ-SMT-L14-MNT01,2026-07-18T12:05:00+08:00,2026-07-18T12:23:00+08:00,18,ERROR,FEEDER_JAM,供料器卡料,MECHANICAL,2,0,0,true,清理供料器并复位设备,RESOLVED,清理供料器并复位设备
ALM-000102,PL-SMT-01,EQ-SMT-L01-RFL01,2026-07-18T12:06:00+08:00,2026-07-18T12:30:00+08:00,24,WARNING,TEMPERATURE_DEVIATION,温区温度偏差,PROCESS,10,-5,5,true,检查温控回路并确认温区,RESOLVED,检查温控回路并确认温区
ALM-000103,PL-SMT-08,EQ-SMT-L08-PRN01,2026-07-18T12:07:00+08:00,2026-07-18T12:31:00+08:00,24,WARNING,SOLDER_PASTE_LOW,锡膏余量低,CONSUMABLE,9,10,100,true,补充锡膏后复位设备,RESOLVED,补充锡膏后复位设备
ALM-000104,PL-SMT-13,EQ-SMT-L13-RFL01,2026-07-18T12:07:00+08:00,2026-07-18T12:32:00+08:00,25,WARNING,TEMPERATURE_DEVIATION,温区温度偏差,PROCESS,13,-5,5,true,检查温控回路并确认温区,RESOLVED,检查温控回路并确认温区
ALM-000105,PL-SMT-04,EQ-SMT-L04-AOI01,2026-07-18T12:08:00+08:00,2026-07-18T12:27:00+08:00,19,WARNING,CAMERA_CALIBRATION,相机标定异常,CALIBRATION,6,0,5,true,执行相机标定后复位设备,RESOLVED,执行相机标定后复位设备
ALM-000106,PL-SMT-07,EQ-SMT-L07-SPI01,2026-07-18T12:08:00+08:00,2026-07-18T12:23:00+08:00,15,WARNING,INSPECTION_DRIFT,检测基准漂移,CALIBRATION,16,0,15,true,重新校准检测基准,RESOLVED,重新校准检测基准
ALM-000107,PL-SMT-12,EQ-SMT-L12-RTR01,2026-07-18T12:10:00+08:00,2026-07-18T12:23:00+08:00,13,WARNING,BLADE_WEAR,铣刀磨损超限,TOOLING,103,0,100,true,更换铣刀后复位设备,RESOLVED,更换铣刀后复位设备
ALM-000108,PL-SMT-04,EQ-SMT-L04-RFL01,2026-07-18T12:13:00+08:00,2026-07-18T12:39:00+08:00,26,WARNING,TEMPERATURE_DEVIATION,温区温度偏差,PROCESS,13,-5,5,true,检查温控回路并确认温区,RESOLVED,检查温控回路并确认温区
ALM-000109,PL-SMT-12,EQ-SMT-L12-AOI01,2026-07-18T12:13:00+08:00,2026-07-18T12:26:00+08:00,13,WARNING,CAMERA_CALIBRATION,相机标定异常,CALIBRATION,10,0,5,true,执行相机标定后复位设备,RESOLVED,执行相机标定后复位设备
ALM-000110,PL-SMT-01,EQ-SMT-L01-MNT01,2026-07-18T13:10:00+08:00,2026-07-18T13:56:00+08:00,46,ERROR,PCB_BARCODE_OUT_OF_RANGE,PCB板条形码读数非法,DATA_VALIDATION,29067,1,9999,true,人工确认异常PCB板并解除设备停机,RESOLVED,操作员移除异常PCB板并手工复位贴片机
ALM-000111,PL-SMT-01,EQ-SMT-L01-MNT01,2026-07-18T16:09:00+08:00,2026-07-18T16:56:00+08:00,47,ERROR,PCB_BARCODE_OUT_OF_RANGE,PCB板条形码读数非法,DATA_VALIDATION,47252,1,9999,true,人工确认异常PCB板并解除设备停机,RESOLVED,操作员移除异常PCB板并手工复位贴片机
ALM-000112,PL-SMT-01,EQ-SMT-L01-MNT01,2026-07-18T19:10:00+08:00,2026-07-18T19:59:00+08:00,49,ERROR,PCB_BARCODE_OUT_OF_RANGE,PCB板条形码读数非法,DATA_VALIDATION,22120,1,9999,true,人工确认异常PCB板并解除设备停机,RESOLVED,操作员移除异常PCB板并手工复位贴片机
ALM-000113,PL-SMT-01,EQ-SMT-L01-SPI01,2026-07-18T20:05:00+08:00,2026-07-18T20:30:00+08:00,25,WARNING,INSPECTION_DRIFT,检测基准漂移,CALIBRATION,25,0,15,true,重新校准检测基准,RESOLVED,重新校准检测基准
ALM-000114,PL-SMT-13,EQ-SMT-L13-RTR01,2026-07-18T20:06:00+08:00,2026-07-18T20:27:00+08:00,21,WARNING,BLADE_WEAR,铣刀磨损超限,TOOLING,115,0,100,true,更换铣刀后复位设备,RESOLVED,更换铣刀后复位设备
ALM-000115,PL-SMT-11,EQ-SMT-L11-SPI01,2026-07-18T20:08:00+08:00,2026-07-18T20:20:00+08:00,12,WARNING,INSPECTION_DRIFT,检测基准漂移,CALIBRATION,20,0,15,true,重新校准检测基准,RESOLVED,重新校准检测基准
ALM-000116,PL-SMT-06,EQ-SMT-L06-MNT01,2026-07-18T20:11:00+08:00,2026-07-18T20:31:00+08:00,20,ERROR,FEEDER_JAM,供料器卡料,MECHANICAL,2,0,0,true,清理供料器并复位设备,RESOLVED,清理供料器并复位设备
ALM-000117,PL-SMT-12,EQ-SMT-L12-PRN01,2026-07-18T20:11:00+08:00,2026-07-18T20:24:00+08:00,13,WARNING,SOLDER_PASTE_LOW,锡膏余量低,CONSUMABLE,5,10,100,true,补充锡膏后复位设备,RESOLVED,补充锡膏后复位设备
ALM-000118,PL-SMT-05,EQ-SMT-L05-AOI01,2026-07-18T20:12:00+08:00,2026-07-18T20:36:00+08:00,24,WARNING,CAMERA_CALIBRATION,相机标定异常,CALIBRATION,11,0,5,true,执行相机标定后复位设备,RESOLVED,执行相机标定后复位设备
ALM-000119,PL-SMT-05,EQ-SMT-L05-RTR01,2026-07-18T20:13:00+08:00,2026-07-18T20:28:00+08:00,15,WARNING,BLADE_WEAR,铣刀磨损超限,TOOLING,108,0,100,true,更换铣刀后复位设备,RESOLVED,更换铣刀后复位设备
ALM-000120,PL-SMT-13,EQ-SMT-L13-AOI01,2026-07-18T20:13:00+08:00,2026-07-18T20:35:00+08:00,22,WARNING,CAMERA_CALIBRATION,相机标定异常,CALIBRATION,12,0,5,true,执行相机标定后复位设备,RESOLVED,执行相机标定后复位设备
ALM-000121,PL-SMT-01,EQ-SMT-L01-MNT01,2026-07-18T22:12:00+08:00,2026-07-18T22:59:00+08:00,47,ERROR,PCB_BARCODE_OUT_OF_RANGE,PCB板条形码读数非法,DATA_VALIDATION,19178,1,9999,true,人工确认异常PCB板并解除设备停机,RESOLVED,操作员移除异常PCB板并手工复位贴片机
ALM-000122,PL-SMT-01,EQ-SMT-L01-MNT01,2026-07-19T01:12:00+08:00,2026-07-19T01:59:00+08:00,47,ERROR,PCB_BARCODE_OUT_OF_RANGE,PCB板条形码读数非法,DATA_VALIDATION,49012,1,9999,true,人工确认异常PCB板并解除设备停机,RESOLVED,操作员移除异常PCB板并手工复位贴片机
ALM-000123,PL-SMT-01,EQ-SMT-L01-MNT01,2026-07-19T04:11:00+08:00,2026-07-19T04:59:00+08:00,48,ERROR,PCB_BARCODE_OUT_OF_RANGE,PCB板条形码读数非法,DATA_VALIDATION,46301,1,9999,true,人工确认异常PCB板并解除设备停机,RESOLVED,操作员移除异常PCB板并手工复位贴片机
ALM-000124,PL-SMT-02,EQ-SMT-L02-RFL01,2026-07-19T07:06:00+08:00,2026-07-19T07:29:00+08:00,23,WARNING,TEMPERATURE_DEVIATION,温区温度偏差,PROCESS,10,-5,5,true,检查温控回路并确认温区,RESOLVED,检查温控回路并确认温区
ALM-000125,PL-SMT-10,EQ-SMT-L10-AOI01,2026-07-19T07:08:00+08:00,2026-07-19T07:28:00+08:00,20,WARNING,CAMERA_CALIBRATION,相机标定异常,CALIBRATION,7,0,5,true,执行相机标定后复位设备,RESOLVED,执行相机标定后复位设备
ALM-000126,PL-SMT-08,EQ-SMT-L08-SPI01,2026-07-19T07:10:00+08:00,2026-07-19T07:38:00+08:00,28,WARNING,INSPECTION_DRIFT,检测基准漂移,CALIBRATION,20,0,15,true,重新校准检测基准,RESOLVED,重新校准检测基准
ALM-000127,PL-SMT-01,EQ-SMT-L01-MNT01,2026-07-19T07:12:00+08:00,2026-07-19T07:59:00+08:00,47,ERROR,PCB_BARCODE_OUT_OF_RANGE,PCB板条形码读数非法,DATA_VALIDATION,40093,1,9999,true,人工确认异常PCB板并解除设备停机,RESOLVED,操作员移除异常PCB板并手工复位贴片机
ALM-000128,PL-SMT-07,EQ-SMT-L07-AOI01,2026-07-19T07:12:00+08:00,2026-07-19T07:37:00+08:00,25,WARNING,CAMERA_CALIBRATION,相机标定异常,CALIBRATION,9,0,5,true,执行相机标定后复位设备,RESOLVED,执行相机标定后复位设备
ALM-000129,PL-SMT-15,EQ-SMT-L15-RFL01,2026-07-19T07:12:00+08:00,2026-07-19T07:31:00+08:00,19,WARNING,TEMPERATURE_DEVIATION,温区温度偏差,PROCESS,10,-5,5,true,检查温控回路并确认温区,RESOLVED,检查温控回路并确认温区
ALM-000130,PL-SMT-11,EQ-SMT-L11-PRN01,2026-07-19T07:14:00+08:00,2026-07-19T07:40:00+08:00,26,WARNING,SOLDER_PASTE_LOW,锡膏余量低,CONSUMABLE,6,10,100,true,补充锡膏后复位设备,RESOLVED,补充锡膏后复位设备
ALM-000131,PL-SMT-15,EQ-SMT-L15-RTR01,2026-07-19T07:14:00+08:00,2026-07-19T07:38:00+08:00,24,WARNING,BLADE_WEAR,铣刀磨损超限,TOOLING,113,0,100,true,更换铣刀后复位设备,RESOLVED,更换铣刀后复位设备
ALM-000132,PL-SMT-01,EQ-SMT-L01-MNT01,2026-07-19T10:12:00+08:00,2026-07-19T10:59:00+08:00,47,ERROR,PCB_BARCODE_OUT_OF_RANGE,PCB板条形码读数非法,DATA_VALIDATION,21644,1,9999,true,人工确认异常PCB板并解除设备停机,RESOLVED,操作员移除异常PCB板并手工复位贴片机
ALM-000133,PL-SMT-01,EQ-SMT-L01-MNT01,2026-07-19T13:07:00+08:00,2026-07-19T13:56:00+08:00,49,ERROR,PCB_BARCODE_OUT_OF_RANGE,PCB板条形码读数非法,DATA_VALIDATION,22212,1,9999,true,人工确认异常PCB板并解除设备停机,RESOLVED,操作员移除异常PCB板并手工复位贴片机
ALM-000134,PL-SMT-06,EQ-SMT-L06-PRN01,2026-07-19T15:07:00+08:00,2026-07-19T15:27:00+08:00,20,WARNING,SOLDER_PASTE_LOW,锡膏余量低,CONSUMABLE,7,10,100,true,补充锡膏后复位设备,RESOLVED,补充锡膏后复位设备
ALM-000135,PL-SMT-01,EQ-SMT-L01-SPI01,2026-07-19T15:08:00+08:00,2026-07-19T15:33:00+08:00,25,WARNING,INSPECTION_DRIFT,检测基准漂移,CALIBRATION,16,0,15,true,重新校准检测基准,RESOLVED,重新校准检测基准
ALM-000136,PL-SMT-02,EQ-SMT-L02-RTR01,2026-07-19T15:09:00+08:00,2026-07-19T15:21:00+08:00,12,WARNING,BLADE_WEAR,铣刀磨损超限,TOOLING,112,0,100,true,更换铣刀后复位设备,RESOLVED,更换铣刀后复位设备
ALM-000137,PL-SMT-01,EQ-SMT-L01-MNT01,2026-07-19T16:08:00+08:00,2026-07-19T16:51:00+08:00,43,ERROR,PCB_BARCODE_OUT_OF_RANGE,PCB板条形码读数非法,DATA_VALIDATION,59550,1,9999,true,人工确认异常PCB板并解除设备停机,RESOLVED,操作员移除异常PCB板并手工复位贴片机
ALM-000138,PL-SMT-01,EQ-SMT-L01-MNT01,2026-07-19T19:05:00+08:00,2026-07-19T19:50:00+08:00,45,ERROR,PCB_BARCODE_OUT_OF_RANGE,PCB板条形码读数非法,DATA_VALIDATION,51308,1,9999,true,人工确认异常PCB板并解除设备停机,RESOLVED,操作员移除异常PCB板并手工复位贴片机
ALM-000139,PL-SMT-01,EQ-SMT-L01-MNT01,2026-07-19T22:13:00+08:00,2026-07-19T22:56:00+08:00,43,ERROR,PCB_BARCODE_OUT_OF_RANGE,PCB板条形码读数非法,DATA_VALIDATION,12788,1,9999,true,人工确认异常PCB板并解除设备停机,RESOLVED,操作员移除异常PCB板并手工复位贴片机
ALM-000140,PL-SMT-12,EQ-SMT-L12-MNT01,2026-07-19T23:06:00+08:00,2026-07-19T23:25:00+08:00,19,ERROR,FEEDER_JAM,供料器卡料,MECHANICAL,3,0,0,true,清理供料器并复位设备,RESOLVED,清理供料器并复位设备
ALM-000141,PL-SMT-05,EQ-SMT-L05-MNT01,2026-07-19T23:12:00+08:00,2026-07-19T23:25:00+08:00,13,ERROR,FEEDER_JAM,供料器卡料,MECHANICAL,2,0,0,true,清理供料器并复位设备,RESOLVED,清理供料器并复位设备
ALM-000142,PL-SMT-01,EQ-SMT-L01-MNT01,2026-07-20T01:07:00+08:00,2026-07-20T01:56:00+08:00,49,ERROR,PCB_BARCODE_OUT_OF_RANGE,PCB板条形码读数非法,DATA_VALIDATION,64882,1,9999,true,人工确认异常PCB板并解除设备停机,RESOLVED,操作员移除异常PCB板并手工复位贴片机
ALM-000143,PL-SMT-07,EQ-SMT-L07-PRN01,2026-07-20T02:05:00+08:00,2026-07-20T02:30:00+08:00,25,WARNING,SOLDER_PASTE_LOW,锡膏余量低,CONSUMABLE,9,10,100,true,补充锡膏后复位设备,RESOLVED,补充锡膏后复位设备
ALM-000144,PL-SMT-12,EQ-SMT-L12-SPI01,2026-07-20T02:05:00+08:00,2026-07-20T02:22:00+08:00,17,WARNING,INSPECTION_DRIFT,检测基准漂移,CALIBRATION,21,0,15,true,重新校准检测基准,RESOLVED,重新校准检测基准
ALM-000145,PL-SMT-03,EQ-SMT-L03-AOI01,2026-07-20T02:06:00+08:00,2026-07-20T02:20:00+08:00,14,WARNING,CAMERA_CALIBRATION,相机标定异常,CALIBRATION,9,0,5,true,执行相机标定后复位设备,RESOLVED,执行相机标定后复位设备
ALM-000146,PL-SMT-15,EQ-SMT-L15-PRN01,2026-07-20T02:06:00+08:00,2026-07-20T02:34:00+08:00,28,WARNING,SOLDER_PASTE_LOW,锡膏余量低,CONSUMABLE,6,10,100,true,补充锡膏后复位设备,RESOLVED,补充锡膏后复位设备
ALM-000147,PL-SMT-09,EQ-SMT-L09-MNT01,2026-07-20T02:08:00+08:00,2026-07-20T02:23:00+08:00,15,ERROR,FEEDER_JAM,供料器卡料,MECHANICAL,3,0,0,true,清理供料器并复位设备,RESOLVED,清理供料器并复位设备
ALM-000148,PL-SMT-15,EQ-SMT-L15-AOI01,2026-07-20T02:09:00+08:00,2026-07-20T02:29:00+08:00,20,WARNING,CAMERA_CALIBRATION,相机标定异常,CALIBRATION,7,0,5,true,执行相机标定后复位设备,RESOLVED,执行相机标定后复位设备
ALM-000149,PL-SMT-02,EQ-SMT-L02-PRN01,2026-07-20T02:10:00+08:00,2026-07-20T02:26:00+08:00,16,WARNING,SOLDER_PASTE_LOW,锡膏余量低,CONSUMABLE,8,10,100,true,补充锡膏后复位设备,RESOLVED,补充锡膏后复位设备
ALM-000150,PL-SMT-06,EQ-SMT-L06-RTR01,2026-07-20T02:10:00+08:00,2026-07-20T02:27:00+08:00,17,WARNING,BLADE_WEAR,铣刀磨损超限,TOOLING,103,0,100,true,更换铣刀后复位设备,RESOLVED,更换铣刀后复位设备
ALM-000151,PL-SMT-14,EQ-SMT-L14-RFL01,2026-07-20T02:11:00+08:00,2026-07-20T02:33:00+08:00,22,WARNING,TEMPERATURE_DEVIATION,温区温度偏差,PROCESS,9,-5,5,true,检查温控回路并确认温区,RESOLVED,检查温控回路并确认温区
ALM-000152,PL-SMT-10,EQ-SMT-L10-RTR01,2026-07-20T02:13:00+08:00,2026-07-20T02:36:00+08:00,23,WARNING,BLADE_WEAR,铣刀磨损超限,TOOLING,108,0,100,true,更换铣刀后复位设备,RESOLVED,更换铣刀后复位设备
ALM-000153,PL-SMT-01,EQ-SMT-L01-MNT01,2026-07-20T04:06:00+08:00,2026-07-20T04:50:00+08:00,44,ERROR,PCB_BARCODE_OUT_OF_RANGE,PCB板条形码读数非法,DATA_VALIDATION,49723,1,9999,true,人工确认异常PCB板并解除设备停机,RESOLVED,操作员移除异常PCB板并手工复位贴片机
ALM-000154,PL-SMT-01,EQ-SMT-L01-MNT01,2026-07-20T07:11:00+08:00,2026-07-20T07:57:00+08:00,46,ERROR,PCB_BARCODE_OUT_OF_RANGE,PCB板条形码读数非法,DATA_VALIDATION,32262,1,9999,true,人工确认异常PCB板并解除设备停机,RESOLVED,操作员移除异常PCB板并手工复位贴片机
ALM-000155,PL-SMT-01,EQ-SMT-L01-MNT01,2026-07-20T10:05:00+08:00,2026-07-20T10:48:00+08:00,43,ERROR,PCB_BARCODE_OUT_OF_RANGE,PCB板条形码读数非法,DATA_VALIDATION,19867,1,9999,true,人工确认异常PCB板并解除设备停机,RESOLVED,操作员移除异常PCB板并手工复位贴片机
ALM-000156,PL-SMT-14,EQ-SMT-L14-AOI01,2026-07-20T10:09:00+08:00,2026-07-20T10:27:00+08:00,18,WARNING,CAMERA_CALIBRATION,相机标定异常,CALIBRATION,8,0,5,true,执行相机标定后复位设备,RESOLVED,执行相机标定后复位设备
ALM-000157,PL-SMT-02,EQ-SMT-L02-AOI01,2026-07-20T10:10:00+08:00,2026-07-20T10:32:00+08:00,22,WARNING,CAMERA_CALIBRATION,相机标定异常,CALIBRATION,12,0,5,true,执行相机标定后复位设备,RESOLVED,执行相机标定后复位设备
ALM-000158,PL-SMT-03,EQ-SMT-L03-RFL01,2026-07-20T10:10:00+08:00,2026-07-20T10:25:00+08:00,15,WARNING,TEMPERATURE_DEVIATION,温区温度偏差,PROCESS,8,-5,5,true,检查温控回路并确认温区,RESOLVED,检查温控回路并确认温区
ALM-000159,PL-SMT-10,EQ-SMT-L10-PRN01,2026-07-20T10:10:00+08:00,2026-07-20T10:34:00+08:00,24,WARNING,SOLDER_PASTE_LOW,锡膏余量低,CONSUMABLE,6,10,100,true,补充锡膏后复位设备,RESOLVED,补充锡膏后复位设备
ALM-000160,PL-SMT-13,EQ-SMT-L13-MNT01,2026-07-20T10:12:00+08:00,2026-07-20T10:25:00+08:00,13,ERROR,FEEDER_JAM,供料器卡料,MECHANICAL,2,0,0,true,清理供料器并复位设备,RESOLVED,清理供料器并复位设备
ALM-000161,PL-SMT-01,EQ-SMT-L01-MNT01,2026-07-20T13:14:00+08:00,2026-07-20T13:59:00+08:00,45,ERROR,PCB_BARCODE_OUT_OF_RANGE,PCB板条形码读数非法,DATA_VALIDATION,50217,1,9999,true,人工确认异常PCB板并解除设备停机,RESOLVED,操作员移除异常PCB板并手工复位贴片机
ALM-000162,PL-SMT-01,EQ-SMT-L01-MNT01,2026-07-20T16:09:00+08:00,2026-07-20T16:53:00+08:00,44,ERROR,PCB_BARCODE_OUT_OF_RANGE,PCB板条形码读数非法,DATA_VALIDATION,30188,1,9999,true,人工确认异常PCB板并解除设备停机,RESOLVED,操作员移除异常PCB板并手工复位贴片机
ALM-000163,PL-SMT-06,EQ-SMT-L06-RFL01,2026-07-20T18:07:00+08:00,2026-07-20T18:35:00+08:00,28,WARNING,TEMPERATURE_DEVIATION,温区温度偏差,PROCESS,15,-5,5,true,检查温控回路并确认温区,RESOLVED,检查温控回路并确认温区
ALM-000164,PL-SMT-13,EQ-SMT-L13-SPI01,2026-07-20T18:07:00+08:00,2026-07-20T18:26:00+08:00,19,WARNING,INSPECTION_DRIFT,检测基准漂移,CALIBRATION,17,0,15,true,重新校准检测基准,RESOLVED,重新校准检测基准
ALM-000165,PL-SMT-04,EQ-SMT-L04-MNT01,2026-07-20T18:08:00+08:00,2026-07-20T18:28:00+08:00,20,ERROR,FEEDER_JAM,供料器卡料,MECHANICAL,1,0,0,true,清理供料器并复位设备,RESOLVED,清理供料器并复位设备
ALM-000166,PL-SMT-07,EQ-SMT-L07-RTR01,2026-07-20T18:08:00+08:00,2026-07-20T18:34:00+08:00,26,WARNING,BLADE_WEAR,铣刀磨损超限,TOOLING,107,0,100,true,更换铣刀后复位设备,RESOLVED,更换铣刀后复位设备
ALM-000167,PL-SMT-04,EQ-SMT-L04-SPI01,2026-07-20T18:11:00+08:00,2026-07-20T18:32:00+08:00,21,WARNING,INSPECTION_DRIFT,检测基准漂移,CALIBRATION,19,0,15,true,重新校准检测基准,RESOLVED,重新校准检测基准
ALM-000168,PL-SMT-11,EQ-SMT-L11-RFL01,2026-07-20T18:13:00+08:00,2026-07-20T18:35:00+08:00,22,WARNING,TEMPERATURE_DEVIATION,温区温度偏差,PROCESS,15,-5,5,true,检查温控回路并确认温区,RESOLVED,检查温控回路并确认温区
ALM-000169,PL-SMT-11,EQ-SMT-L11-RTR01,2026-07-20T18:13:00+08:00,2026-07-20T18:38:00+08:00,25,WARNING,BLADE_WEAR,铣刀磨损超限,TOOLING,110,0,100,true,更换铣刀后复位设备,RESOLVED,更换铣刀后复位设备
ALM-000170,PL-SMT-05,EQ-SMT-L05-SPI01,2026-07-20T18:14:00+08:00,2026-07-20T18:38:00+08:00,24,WARNING,INSPECTION_DRIFT,检测基准漂移,CALIBRATION,20,0,15,true,重新校准检测基准,RESOLVED,重新校准检测基准
ALM-000171,PL-SMT-01,EQ-SMT-L01-MNT01,2026-07-20T19:06:00+08:00,2026-07-20T19:52:00+08:00,46,ERROR,PCB_BARCODE_OUT_OF_RANGE,PCB板条形码读数非法,DATA_VALIDATION,61653,1,9999,true,人工确认异常PCB板并解除设备停机,RESOLVED,操作员移除异常PCB板并手工复位贴片机
ALM-000172,PL-SMT-01,EQ-SMT-L01-MNT01,2026-07-20T22:08:00+08:00,2026-07-20T22:51:00+08:00,43,ERROR,PCB_BARCODE_OUT_OF_RANGE,PCB板条形码读数非法,DATA_VALIDATION,50469,1,9999,true,人工确认异常PCB板并解除设备停机,RESOLVED,操作员移除异常PCB板并手工复位贴片机
ALM-000173,PL-SMT-01,EQ-SMT-L01-MNT01,2026-07-21T01:08:00+08:00,2026-07-21T01:58:00+08:00,50,ERROR,PCB_BARCODE_OUT_OF_RANGE,PCB板条形码读数非法,DATA_VALIDATION,63224,1,9999,true,人工确认异常PCB板并解除设备停机,RESOLVED,操作员移除异常PCB板并手工复位贴片机
ALM-000174,PL-SMT-01,EQ-SMT-L01-MNT01,2026-07-21T04:11:00+08:00,2026-07-21T04:58:00+08:00,47,ERROR,PCB_BARCODE_OUT_OF_RANGE,PCB板条形码读数非法,DATA_VALIDATION,50989,1,9999,true,人工确认异常PCB板并解除设备停机,RESOLVED,操作员移除异常PCB板并手工复位贴片机
ALM-000175,PL-SMT-05,EQ-SMT-L05-AOI01,2026-07-21T05:06:00+08:00,2026-07-21T05:27:00+08:00,21,WARNING,CAMERA_CALIBRATION,相机标定异常,CALIBRATION,11,0,5,true,执行相机标定后复位设备,RESOLVED,执行相机标定后复位设备
ALM-000176,PL-SMT-12,EQ-SMT-L12-AOI01,2026-07-21T05:06:00+08:00,2026-07-21T05:19:00+08:00,13,WARNING,CAMERA_CALIBRATION,相机标定异常,CALIBRATION,12,0,5,true,执行相机标定后复位设备,RESOLVED,执行相机标定后复位设备
ALM-000177,PL-SMT-13,EQ-SMT-L13-RTR01,2026-07-21T05:08:00+08:00,2026-07-21T05:30:00+08:00,22,WARNING,BLADE_WEAR,铣刀磨损超限,TOOLING,109,0,100,true,更换铣刀后复位设备,RESOLVED,更换铣刀后复位设备
ALM-000178,PL-SMT-04,EQ-SMT-L04-RFL01,2026-07-21T05:10:00+08:00,2026-07-21T05:36:00+08:00,26,WARNING,TEMPERATURE_DEVIATION,温区温度偏差,PROCESS,12,-5,5,true,检查温控回路并确认温区,RESOLVED,检查温控回路并确认温区
ALM-000179,PL-SMT-03,EQ-SMT-L03-MNT01,2026-07-21T05:12:00+08:00,2026-07-21T05:25:00+08:00,13,ERROR,FEEDER_JAM,供料器卡料,MECHANICAL,3,0,0,true,清理供料器并复位设备,RESOLVED,清理供料器并复位设备
ALM-000180,PL-SMT-13,EQ-SMT-L13-RFL01,2026-07-21T05:14:00+08:00,2026-07-21T05:33:00+08:00,19,WARNING,TEMPERATURE_DEVIATION,温区温度偏差,PROCESS,12,-5,5,true,检查温控回路并确认温区,RESOLVED,检查温控回路并确认温区
ALM-000181,PL-SMT-01,EQ-SMT-L01-MNT01,2026-07-21T07:06:00+08:00,2026-07-21T07:52:00+08:00,46,ERROR,PCB_BARCODE_OUT_OF_RANGE,PCB板条形码读数非法,DATA_VALIDATION,32842,1,9999,true,人工确认异常PCB板并解除设备停机,RESOLVED,操作员移除异常PCB板并手工复位贴片机
ALM-000182,PL-SMT-01,EQ-SMT-L01-MNT01,2026-07-21T10:08:00+08:00,2026-07-21T10:51:00+08:00,43,ERROR,PCB_BARCODE_OUT_OF_RANGE,PCB板条形码读数非法,DATA_VALIDATION,35018,1,9999,true,人工确认异常PCB板并解除设备停机,RESOLVED,操作员移除异常PCB板并手工复位贴片机
ALM-000183,PL-SMT-01,EQ-SMT-L01-MNT01,2026-07-21T13:07:00+08:00,2026-07-21T13:56:00+08:00,49,ERROR,PCB_BARCODE_OUT_OF_RANGE,PCB板条形码读数非法,DATA_VALIDATION,15790,1,9999,true,人工确认异常PCB板并解除设备停机,RESOLVED,操作员移除异常PCB板并手工复位贴片机
ALM-000184,PL-SMT-14,EQ-SMT-L14-MNT01,2026-07-21T13:07:00+08:00,2026-07-21T13:24:00+08:00,17,ERROR,FEEDER_JAM,供料器卡料,MECHANICAL,1,0,0,true,清理供料器并复位设备,RESOLVED,清理供料器并复位设备
ALM-000185,PL-SMT-04,EQ-SMT-L04-RTR01,2026-07-21T13:11:00+08:00,2026-07-21T13:24:00+08:00,13,WARNING,BLADE_WEAR,铣刀磨损超限,TOOLING,118,0,100,true,更换铣刀后复位设备,RESOLVED,更换铣刀后复位设备
ALM-000186,PL-SMT-01,EQ-SMT-L01-MNT01,2026-07-21T16:08:00+08:00,2026-07-21T16:56:00+08:00,48,ERROR,PCB_BARCODE_OUT_OF_RANGE,PCB板条形码读数非法,DATA_VALIDATION,28413,1,9999,true,人工确认异常PCB板并解除设备停机,RESOLVED,操作员移除异常PCB板并手工复位贴片机
ALM-000187,PL-SMT-01,EQ-SMT-L01-MNT01,2026-07-21T19:09:00+08:00,2026-07-21T19:51:00+08:00,42,ERROR,PCB_BARCODE_OUT_OF_RANGE,PCB板条形码读数非法,DATA_VALIDATION,39046,1,9999,true,人工确认异常PCB板并解除设备停机,RESOLVED,操作员移除异常PCB板并手工复位贴片机
ALM-000188,PL-SMT-06,EQ-SMT-L06-SPI01,2026-07-21T21:06:00+08:00,2026-07-21T21:26:00+08:00,20,WARNING,INSPECTION_DRIFT,检测基准漂移,CALIBRATION,16,0,15,true,重新校准检测基准,RESOLVED,重新校准检测基准
ALM-000189,PL-SMT-08,EQ-SMT-L08-PRN01,2026-07-21T21:08:00+08:00,2026-07-21T21:30:00+08:00,22,WARNING,SOLDER_PASTE_LOW,锡膏余量低,CONSUMABLE,8,10,100,true,补充锡膏后复位设备,RESOLVED,补充锡膏后复位设备
ALM-000190,PL-SMT-11,EQ-SMT-L11-SPI01,2026-07-21T21:10:00+08:00,2026-07-21T21:24:00+08:00,14,WARNING,INSPECTION_DRIFT,检测基准漂移,CALIBRATION,24,0,15,true,重新校准检测基准,RESOLVED,重新校准检测基准
ALM-000191,PL-SMT-01,EQ-SMT-L01-MNT01,2026-07-21T22:09:00+08:00,2026-07-21T22:54:00+08:00,45,ERROR,PCB_BARCODE_OUT_OF_RANGE,PCB板条形码读数非法,DATA_VALIDATION,44034,1,9999,true,人工确认异常PCB板并解除设备停机,RESOLVED,操作员移除异常PCB板并手工复位贴片机
